Key	Value
ProgressBar.cellSpacing	0DesktopIcon.foreground	javax.swing.plaf.ColorUIResource[r=0,g=0,b=0]SearchField.clearIconHoverColor	com.formdev.flatlaf.UIDefaultsLoader$$Lambda$49/937773018@a1153bcMenuBar.selectionEmbeddedInsets	javax.swing.plaf.InsetsUIResource[top=0,left=0,bottom=0,right=0]List.selectionInactiveBackground	javax.swing.plaf.ColorUIResource[r=211,g=211,b=211]SplitPaneDivider.draggingColor	javax.swing.plaf.ColorUIResource[r=194,g=194,b=194]Tree.timeFactor	1000PasswordField.caretBlinkRate	500Slider.verticalSize	java.awt.Dimension[width=21,height=200]ToolBar.ancestorInputMap	javax.swing.UIDefaults$LazyInputMap@1aafa419MenuItem.verticallyAlignText	trueTabbedPane.closePressedBackground	com.formdev.flatlaf.util.DerivedColor[r=178,g=178,b=178]
darken(25% autoInverse)SplitPane.centerOneTouchButtons	trueTableHeader.focusCellBackground	javax.swing.plaf.ColorUIResource[r=255,g=255,b=255]Tree.selectionInactiveForeground	javax.swing.plaf.ColorUIResource[r=0,g=0,b=0]MenuBar.shadow	javax.swing.plaf.ColorUIResource[r=194,g=194,b=194]SplitPane.shadow	javax.swing.plaf.ColorUIResource[r=194,g=194,b=194]TabbedPane.focusColor	javax.swing.plaf.ColorUIResource[r=222,g=230,b=237]TabbedPane.closeCrossLineWidth	1Button.highlight	javax.swing.plaf.ColorUIResource[r=255,g=255,b=255]ToggleButton.disabledSelectedBackground	com.formdev.flatlaf.util.DerivedColor[r=222,g=222,b=222]
darken(13% autoInverse)ScrollBar.thumbInsets	javax.swing.plaf.InsetsUIResource[top=0,left=0,bottom=0,right=0]Component.innerFocusWidth	0TableHeader.hoverBackground	com.formdev.flatlaf.util.DerivedColor[r=242,g=242,b=242]
darken(5% autoInverse)PasswordField.placeholderForeground	javax.swing.plaf.ColorUIResource[r=140,g=140,b=140]Tree.showCellFocusIndicator	falseComboBox.border	com.formdev.flatlaf.UIDefaultsLoader$$Lambda$48/1545242146@47eaca72Separator.shadow	javax.swing.plaf.ColorUIResource[r=194,g=194,b=194]ComboBox.timeFactor	1000FileChooser.ancestorInputMap	com.formdev.flatlaf.FlatInputMaps$LazyModifyInputMap@55141defTextField.selectionForeground	javax.swing.plaf.ColorUIResource[r=255,g=255,b=255]ToggleButton.light	javax.swing.plaf.ColorUIResource[r=225,g=225,b=225]ToggleButton.pressedBackground	com.formdev.flatlaf.util.DerivedColor[r=230,g=230,b=230]
darken(10% autoInverse)EditorPane.inactiveBackground	javax.swing.plaf.ColorUIResource[r=242,g=242,b=242]HelpButton.hoverBackground	com.formdev.flatlaf.util.DerivedColor[r=247,g=247,b=247]
darken(3% autoInverse)PasswordField.border	com.formdev.flatlaf.UIDefaultsLoader$$Lambda$48/1545242146@55182842Menu.menuPopupOffsetY	0TabbedPane.contentAreaColor	javax.swing.plaf.ColorUIResource[r=194,g=194,b=194]Menu.menuPopupOffsetX	0Tree.repaintWholeRow	trueScrollBar.width	10ComboBox.selectionBackground	javax.swing.plaf.ColorUIResource[r=38,g=117,b=191]RadioButtonMenuItem.margin	javax.swing.plaf.InsetsUIResource[top=3,left=6,bottom=3,right=6]AATextInfoPropertyKey	sun.swing.SwingUtilities2$AATextInfo@3270d194CheckBox.icon[filled].focusedSelectedBackground	javax.swing.plaf.ColorUIResource[r=78,g=157,b=231]Menu.icon.arrowColor	javax.swing.plaf.ColorUIResource[r=102,g=102,b=102]TextField.disabledBackground	javax.swing.plaf.ColorUIResource[r=242,g=242,b=242]TableHeader.font	com.formdev.flatlaf.FlatLaf$ActiveFont@235834f2Tree.scrollsOnExpand	truehtml.pendingImage	sun.swing.SwingUtilities2$2@5656be13Tree.icon.closedColor	javax.swing.plaf.ColorUIResource[r=177,g=177,b=177]TabbedPane.shadow	javax.swing.plaf.ColorUIResource[r=242,g=242,b=242]DesktopIcon.closeSize	javax.swing.plaf.DimensionUIResource[width=20,height=20]List.dropLineColor	com.formdev.flatlaf.UIDefaultsLoader$$Lambda$53/266272063@4218d6a3MenuItem.foreground	javax.swing.plaf.ColorUIResource[r=0,g=0,b=0]CheckBox.iconTextGap	4ToggleButton.rollover	trueCheckBox.icon.disabledBackground	javax.swing.plaf.ColorUIResource[r=242,g=242,b=242]TitlePane.iconifyIcon	com.formdev.flatlaf.UIDefaultsLoader$$Lambda$48/1545242146@76505305TabbedPane.highlight	javax.swing.plaf.ColorUIResource[r=255,g=255,b=255]InternalFrame.border	com.formdev.flatlaf.UIDefaultsLoader$$Lambda$48/1545242146@14cd1699TitlePane.menuBarResizeHeight	4TextField.foreground	javax.swing.plaf.ColorUIResource[r=0,g=0,b=0]Menu.foreground	javax.swing.plaf.ColorUIResource[r=0,g=0,b=0]ComboBox.buttonDarkShadow	javax.swing.plaf.ColorUIResource[r=156,g=156,b=156]TitlePane.menuBarEmbedded	trueTabbedPane.background	javax.swing.plaf.ColorUIResource[r=242,g=242,b=242]TitlePane.buttonMaximizedHeight	22MenuBar.foreground	javax.swing.plaf.ColorUIResource[r=0,g=0,b=0]Table.consistentHomeEndKeyBehavior	trueSpinner.buttonHoverArrowColor	com.formdev.flatlaf.util.DerivedColor[r=153,g=153,b=153]
lighten(20%)TitlePane.restoreIcon	com.formdev.flatlaf.UIDefaultsLoader$$Lambda$48/1545242146@77888435ScrollBar.ancestorInputMap.RightToLeft	javax.swing.UIDefaults$LazyInputMap@73a1e9a9Button.toolbar.hoverBackground	com.formdev.flatlaf.util.DerivedColor[r=224,g=224,b=224]
darken(12% autoInverse)MenuItem.font	com.formdev.flatlaf.FlatLaf$ActiveFont@235834f2ComboBox.disabledBackground	javax.swing.plaf.ColorUIResource[r=242,g=242,b=242]RadioButtonMenuItem.checkIcon	com.formdev.flatlaf.UIDefaultsLoader$$Lambda$48/1545242146@71d44a3ScrollBar.pressedThumbColor	com.formdev.flatlaf.util.DerivedColor[r=169,g=169,b=169]
darken(20%)PopupMenu.foreground	javax.swing.plaf.ColorUIResource[r=0,g=0,b=0]FileChooser.homeFolderIcon	com.formdev.flatlaf.UIDefaultsLoader$$Lambda$48/1545242146@7b98f307MenuItemUI	com.formdev.flatlaf.ui.FlatMenuItemUIButton.iconTextGap	4RadioButton.icon[filled].centerDiameter	5HelpButton.hoverBorderColor	javax.swing.plaf.ColorUIResource[r=137,g=176,b=212]RootPane.inactiveBorderColor	com.formdev.flatlaf.util.DerivedColor[r=166,g=166,b=166]
darken(30% autoInverse)TitlePane.buttonPressedBackground	com.formdev.flatlaf.util.DerivedColor[r=235,g=235,b=235]
darken(8% autoInverse)List.selectionInactiveForeground	javax.swing.plaf.ColorUIResource[r=0,g=0,b=0]PasswordField.revealIconColor	javax.swing.plaf.ColorUIResource[r=102,g=102,b=102]ToolBar.dockingBackground	javax.swing.plaf.ColorUIResource[r=229,g=229,b=229]OptionPane.buttonOrientation	4MenuItem.textAcceleratorGap	24CheckBox.icon.pressedBorderColor	javax.swing.plaf.ColorUIResource[r=123,g=158,b=191]RadioButton.border	com.formdev.flatlaf.UIDefaultsLoader$$Lambda$48/1545242146@4802796dToolBar.separatorColor	javax.swing.plaf.ColorUIResource[r=206,g=206,b=206]CheckBoxMenuItem.borderPainted	trueList.cellMargins	javax.swing.plaf.InsetsUIResource[top=1,left=6,bottom=1,right=6]ScrollBar.thumbShadow	javax.swing.plaf.ColorUIResource[r=194,g=194,b=194]TabbedPane.font	com.formdev.flatlaf.FlatLaf$ActiveFont@235834f2controlHighlight	javax.swing.plaf.ColorUIResource[r=225,g=225,b=225]PopupMenuSeparator.height	9TitlePane.closeIcon	com.formdev.flatlaf.UIDefaultsLoader$$Lambda$48/1545242146@34123d65RadioButton.background	javax.swing.plaf.ColorUIResource[r=242,g=242,b=242]Table.selectionBackground	javax.swing.plaf.ColorUIResource[r=38,g=117,b=191]MenuItem.textNoAcceleratorGap	6DesktopPaneUI	com.formdev.flatlaf.ui.FlatDesktopPaneUISlider.focusWidth	4RootPane.foreground	javax.swing.plaf.ColorUIResource[r=0,g=0,b=0]EditorPane.inactiveForeground	javax.swing.plaf.ColorUIResource[r=140,g=140,b=140]ToolBar.highlight	javax.swing.plaf.ColorUIResource[r=255,g=255,b=255]textHighlight	javax.swing.plaf.ColorUIResource[r=38,g=117,b=191]TitlePane.useWindowDecorations	trueTree.background	javax.swing.plaf.ColorUIResource[r=255,g=255,b=255]Slider.focusInputMap.RightToLeft	javax.swing.UIDefaults$LazyInputMap@59474f18Component.focusColor	javax.swing.plaf.ColorUIResource[r=152,g=195,b=235]menuText	javax.swing.plaf.ColorUIResource[r=0,g=0,b=0]Menu.acceleratorSelectionForeground	javax.swing.plaf.ColorUIResource[r=255,g=255,b=255]CheckBox.icon[filled].pressedSelectedBackground	com.formdev.flatlaf.util.DerivedColor[r=33,g=132,b=225]
darken(10% autoInverse)Button.default.borderColor	javax.swing.plaf.ColorUIResource[r=60,g=117,b=171]CheckBox.textShiftOffset	0menu	javax.swing.plaf.ColorUIResource[r=242,g=242,b=242]OptionPane.iconMessageGap	16ScrollPane.font	com.formdev.flatlaf.FlatLaf$ActiveFont@235834f2ToolBarUI	com.formdev.flatlaf.ui.FlatToolBarUIToolBar.darkShadow	javax.swing.plaf.ColorUIResource[r=156,g=156,b=156]HelpButton.borderWidth	1SplitPane.continuousLayout	trueScrollBar.buttonArrowColor	javax.swing.plaf.ColorUIResource[r=102,g=102,b=102]TabbedPane.tabAreaInsets	javax.swing.plaf.InsetsUIResource[top=0,left=0,bottom=0,right=0]Button.textShiftOffset	0ComboBox.background	javax.swing.plaf.ColorUIResource[r=255,g=255,b=255]Button.default.hoverBackground	com.formdev.flatlaf.util.DerivedColor[r=59,g=130,b=198]
darken(3% autoInverse)RadioButton.iconTextGap	4InternalFrame.icon	sun.swing.SwingUtilities2$2@65fb9ffcViewport.foreground	javax.swing.plaf.ColorUIResource[r=0,g=0,b=0]ComboBox.buttonSeparatorColor	javax.swing.plaf.ColorUIResource[r=194,g=194,b=194]InternalFrame.borderColor	javax.swing.plaf.ColorUIResource[r=242,g=242,b=242]CheckBoxMenuItem.background	javax.swing.plaf.ColorUIResource[r=255,g=255,b=255]Panel.foreground	javax.swing.plaf.ColorUIResource[r=0,g=0,b=0]ScrollBar.hoverThumbWithTrack	falseToolBar.spacingBorder	com.formdev.flatlaf.UIDefaultsLoader$$Lambda$51/360062456@3e694b3fComboBox.padding	javax.swing.plaf.InsetsUIResource[top=2,left=6,bottom=2,right=6]Button.toolbar.spacingInsets	javax.swing.plaf.InsetsUIResource[top=1,left=2,bottom=1,right=2]RadioButton.disabledText	javax.swing.plaf.ColorUIResource[r=140,g=140,b=140]ComboBox.disabledForeground	javax.swing.plaf.ColorUIResource[r=140,g=140,b=140]Table.showTrailingVerticalLine	falseTextArea.margin	javax.swing.plaf.InsetsUIResource[top=2,left=6,bottom=2,right=6]TextPane.caretForeground	javax.swing.plaf.ColorUIResource[r=0,g=0,b=0]Table.focusSelectedCellHighlightBorder	com.formdev.flatlaf.UIDefaultsLoader$$Lambda$48/1545242146@1bb5a082Menu.acceleratorFont	com.formdev.flatlaf.FlatLaf$ActiveFont@235834f2controlLtHighlight	javax.swing.plaf.ColorUIResource[r=255,g=255,b=255]ScrollBar.pressedThumbWithTrack	falseToggleButton.focusInputMap	javax.swing.UIDefaults$LazyInputMap@78691363CheckBox.icon.disabledBorderColor	javax.swing.plaf.ColorUIResource[r=191,g=191,b=191]OptionPane.informationIcon	com.formdev.flatlaf.UIDefaultsLoader$$Lambda$48/1545242146@41d477edTable.ascendingSortIcon	com.formdev.flatlaf.UIDefaultsLoader$$Lambda$48/1545242146@3590fc5b[style]ToolBar.inTextField	floatable: false; opaque: false; borderMargins: 0,0,0,0[style].monospaced	font: $monospaced.fontTitlePane.closePressedForeground	javax.swing.plaf.ColorUIResource[r=255,g=255,b=255]ToolBar.dockingForeground	javax.swing.plaf.ColorUIResource[r=194,g=194,b=194]ToggleButton.iconTextGap	4RadioButton.icon.centerDiameter	8SplitPaneDivider.gripDotSize	3TabbedPane.closeCrossFilledSize	7.5InternalFrame.inactiveTitleForeground	javax.swing.plaf.ColorUIResource[r=140,g=140,b=140]TabbedPane.buttonPressedBackground	com.formdev.flatlaf.util.DerivedColor[r=217,g=217,b=217]
darken(10% autoInverse)EditorPane.disabledBackground	javax.swing.plaf.ColorUIResource[r=242,g=242,b=242]ScrollBar.thumbHighlight	javax.swing.plaf.ColorUIResource[r=255,g=255,b=255]Spinner.buttonArrowColor	javax.swing.plaf.ColorUIResource[r=102,g=102,b=102]Objects.Purple	javax.swing.plaf.ColorUIResource[r=185,g=155,b=248]html.missingImage	sun.swing.SwingUtilities2$2@397fbdbSeparator.stripeWidth	1Tree.icon.leafColor	javax.swing.plaf.ColorUIResource[r=177,g=177,b=177]RadioButton.foreground	javax.swing.plaf.ColorUIResource[r=0,g=0,b=0]TitlePane.noIconLeftGap	8InternalFrame.borderMargins	javax.swing.plaf.InsetsUIResource[top=6,left=6,bottom=6,right=6]CheckBoxMenuItem.margin	javax.swing.plaf.InsetsUIResource[top=3,left=6,bottom=3,right=6]ComboBox.ancestorInputMap	com.formdev.flatlaf.FlatInputMaps$LazyModifyInputMap@33d512c1MenuItem.arrowIcon	com.formdev.flatlaf.UIDefaultsLoader$$Lambda$48/1545242146@515c6049FlatLaf.internal.variables	{@disabledForeground=tint(@foreground,55%), @buttonArrowColor=tint(@foreground,40%), @cellFocusColor=darken(@selectionBackground,20%), @accentUnderlineColor=if(@accentColor, @accentColor, tint(@accentBaseColor,10%)), @accentCheckmarkColor=if(@accentColor, @accentColor, tint(@accentBase2Color,20%)), @selectionBackground=@accentSelectionBackground, @componentBackground=lighten(@background,5%), @accentButtonDefaultBorderColor=if(@accentColor, @accentColor, tint(@accentBase2Color,20%)), @selectionInactiveForeground=@foreground, @icon=shade(@background,27%), @menuBackground=lighten(@background,5%), @dropLineShortColor=darken(List.selectionBackground,20%,lazy), @buttonHoverArrowColor=lighten(@buttonArrowColor,20%,derived noAutoInverse), @menuCheckBackground=lighten(@menuSelectionBackground,40%,derived noAutoInverse), @accentSliderColor=if(@accentColor, @accentColor, @accentBase2Color), @accentLinkColor=if(@accentColor, @accentColor, darken(@accentBaseColor,3%)), @accentBase2Color=lighten(saturate(@accentBaseColor,10%),6%), @selectionInactiveBackground=shade(@background,13%), @disabledBackground=@background, @accentFocusColor=if(@accentColor, lighten(@accentColor,20%), lighten(@accentBaseColor,31%)), @accentBaseColor=#2675BF, @dropCellForeground=lazy(List.selectionForeground), @buttonBackground=lighten(@background,5%), @background=#f2f2f2, @buttonPressedArrowColor=lighten(@buttonArrowColor,30%,derived noAutoInverse), @selectionForeground=contrast(@selectionBackground, @foreground, #fff), @componentMargin=2,6,2,6, @accentColor=systemColor(accent,null), @dropCellBackground=lighten(List.selectionBackground,10%,lazy), @menuAcceleratorForeground=lighten(@foreground,30%), @menuAcceleratorSelectionForeground=@selectionForeground, @buttonDisabledArrowColor=lighten(@buttonArrowColor,25%), @foreground=#000, @menuSelectionBackground=@selectionBackground, @menuItemMargin=3,6,3,6, @accentSelectionBackground=if(@accentColor, @accentColor, @accentBaseColor), @accentButtonDefaultBackground=if(@accentColor, @accentColor, tint(@accentBaseColor,15%)), @menuHoverBackground=darken(@menuBackground,10%,derived), @dropLineColor=lighten(List.selectionBackground,20%,lazy)}Slider.foreground	javax.swing.plaf.ColorUIResource[r=0,g=0,b=0]Actions.Blue	javax.swing.plaf.ColorUIResource[r=56,g=159,b=214]TitlePane.iconSize	javax.swing.plaf.DimensionUIResource[width=16,height=16]OptionPane.messagePadding	3Tree.lineTypeDashed	falseFormattedTextField.placeholderForeground	javax.swing.plaf.ColorUIResource[r=140,g=140,b=140]inactiveCaption	javax.swing.plaf.ColorUIResource[r=191,g=205,b=219]ComboBox.buttonEditableBackground	javax.swing.plaf.ColorUIResource[r=250,g=250,b=250]OptionPane.border	com.formdev.flatlaf.UIDefaultsLoader$$Lambda$51/360062456@5fe94a96Tree.foreground	javax.swing.plaf.ColorUIResource[r=0,g=0,b=0]controlText	javax.swing.plaf.ColorUIResource[r=0,g=0,b=0]ScrollBar.thumbDarkShadow	javax.swing.plaf.ColorUIResource[r=156,g=156,b=156]TabbedPane.arrowType	chevronwindow	javax.swing.plaf.ColorUIResource[r=242,g=242,b=242]Menu.arrowIcon	com.formdev.flatlaf.UIDefaultsLoader$$Lambda$48/1545242146@443118b0FormattedTextField.selectionForeground	javax.swing.plaf.ColorUIResource[r=255,g=255,b=255]ScrollBar.thumb	com.formdev.flatlaf.util.DerivedColor[r=220,g=220,b=220]
darken(10%)RadioButton.focusInputMap	javax.swing.UIDefaults$LazyInputMap@765d7657RadioButton.font	com.formdev.flatlaf.FlatLaf$ActiveFont@235834f2ProgressBar.verticalSize	javax.swing.plaf.DimensionUIResource[width=4,height=146]ScrollPane.foreground	javax.swing.plaf.ColorUIResource[r=0,g=0,b=0]ScrollPane.fillUpperCorner	trueRadioButtonMenuItem.acceleratorFont	com.formdev.flatlaf.FlatLaf$ActiveFont@235834f2[style].large	font: $large.fonttextHighlightText	javax.swing.plaf.ColorUIResource[r=255,g=255,b=255]CheckBox.arc	4CheckBox.icon.focusedBorderColor	javax.swing.plaf.ColorUIResource[r=123,g=158,b=191]SplitPaneDivider.style	gripSplitPane.oneTouchButtonOffset	com.formdev.flatlaf.UIDefaultsLoader$$Lambda$52/1908981452@74235045SplitPaneUI	com.formdev.flatlaf.ui.FlatSplitPaneUIMenuItem.background	javax.swing.plaf.ColorUIResource[r=255,g=255,b=255]ToggleButton.darkShadow	javax.swing.plaf.ColorUIResource[r=156,g=156,b=156]ToggleButton.tab.disabledUnderlineColor	javax.swing.plaf.ColorUIResource[r=171,g=171,b=171]Tree.drawsFocusBorderAroundIcon	falseTextPane.background	javax.swing.plaf.ColorUIResource[r=255,g=255,b=255]ToggleButton.tab.focusBackground	javax.swing.plaf.ColorUIResource[r=222,g=230,b=237]Button.default.focusedBorderColor	javax.swing.plaf.ColorUIResource[r=163,g=197,b=228]TitlePane.showIcon	trueRootPane.font	com.formdev.flatlaf.FlatLaf$ActiveFont@235834f2MenuBar.background	javax.swing.plaf.ColorUIResource[r=255,g=255,b=255]ColorChooserUI	com.formdev.flatlaf.ui.FlatColorChooserUICheckBox.icon.hoverBorderColor	javax.swing.plaf.ColorUIResource[r=123,g=158,b=191]TabbedPane.closeArc	4CheckBoxMenuItem.foreground	javax.swing.plaf.ColorUIResource[r=0,g=0,b=0]Tree.expandedIcon	com.formdev.flatlaf.UIDefaultsLoader$$Lambda$48/1545242146@618b19adSlider.trackWidth	2Label.disabledShadow	javax.swing.plaf.ColorUIResource[r=194,g=194,b=194]Button.margin	javax.swing.plaf.InsetsUIResource[top=2,left=14,bottom=2,right=14]TabbedPane.tabsOverlapBorder	falseMenuItem.underlineSelectionCheckBackground	com.formdev.flatlaf.util.DerivedColor[r=191,g=217,b=242]
lighten(40%)ScrollBar.allowsAbsolutePositioning	trueRadioButtonMenuItem.acceleratorForeground	javax.swing.plaf.ColorUIResource[r=77,g=77,b=77]TextPane.caretBlinkRate	500CheckBox.icon.checkmarkColor	javax.swing.plaf.ColorUIResource[r=78,g=157,b=231]PasswordField.focusInputMap	com.formdev.flatlaf.FlatInputMaps$LazyInputMapEx@2d3379b4Table.ancestorInputMap	com.formdev.flatlaf.FlatInputMaps$LazyModifyInputMap@30c15d8bCheckBoxMenuItem.checkIcon	com.formdev.flatlaf.UIDefaultsLoader$$Lambda$48/1545242146@5e0e82aeCheckBox.icon.background	javax.swing.plaf.ColorUIResource[r=255,g=255,b=255]InternalFrameTitlePane.closeButtonOpacity	trueSeparator.foreground	javax.swing.plaf.ColorUIResource[r=206,g=206,b=206]Menu.cancelMode	hideLastSubmenu[style].h4	font: $h4.font[style].h3	font: $h3.fontScrollBarUI	com.formdev.flatlaf.ui.FlatScrollBarUI[style].h2	font: $h2.font[style].h1	font: $h1.font[style].h0	font: $h0.fontFileChooserUI	com.formdev.flatlaf.ui.FlatFileChooserUIInternalFrameTitlePane.border	com.formdev.flatlaf.UIDefaultsLoader$$Lambda$51/360062456@6771beb3RadioButton.rollover	trueFileChooser.listViewIcon	com.formdev.flatlaf.UIDefaultsLoader$$Lambda$48/1545242146@51399530windowText	javax.swing.plaf.ColorUIResource[r=0,g=0,b=0]CheckBox.icon.pressedBackground	com.formdev.flatlaf.util.DerivedColor[r=230,g=230,b=230]
darken(10% autoInverse)TabbedPane.tabHeight	32Tree.dropCellForeground	com.formdev.flatlaf.UIDefaultsLoader$$Lambda$50/728258269@6b2ea799[style]ToolBarSeparator.inTextField	separatorWidth: 3RootPane.background	javax.swing.plaf.ColorUIResource[r=242,g=242,b=242]PasswordField.iconTextGap	4Component.error.borderColor	javax.swing.plaf.ColorUIResource[r=235,g=184,b=188]TextPane.inactiveBackground	javax.swing.plaf.ColorUIResource[r=242,g=242,b=242]TreeUI	com.formdev.flatlaf.ui.FlatTreeUITree.wideSelection	trueTree.collapsedIcon	com.formdev.flatlaf.UIDefaultsLoader$$Lambda$48/1545242146@411f53a0Component.innerOutlineWidth	0ScrollBar.trackHighlight	javax.swing.plaf.ColorUIResource[r=156,g=156,b=156]OptionPaneUI	com.formdev.flatlaf.ui.FlatOptionPaneUIPopupMenu.border	com.formdev.flatlaf.UIDefaultsLoader$$Lambda$48/1545242146@2b71e916ToolTipUI	com.formdev.flatlaf.ui.FlatToolTipUIPopupMenu.selectedWindowInputMapBindings	[Ljava.lang.Object;@36fc695dTabbedPane.cardTabSelectionHeight	2TitlePane.embeddedForeground	javax.swing.plaf.ColorUIResource[r=89,g=89,b=89]Button.default.background	javax.swing.plaf.ColorUIResource[r=71,g=138,b=201]CheckBox.icon[filled].hoverSelectedBackground	com.formdev.flatlaf.util.DerivedColor[r=56,g=145,b=228]
darken(5% autoInverse)[style]Button.clearButton	icon: com.formdev.flatlaf.icons.FlatClearIcon; focusable: false; toolbar.margin: 1,1,1,1; toolbar.spacingInsets: 1,1,1,1; toolbar.hoverBackground: null; toolbar.pressedBackground: nullProgressBar.selectionBackground	javax.swing.plaf.ColorUIResource[r=0,g=0,b=0]Table.dropLineShortColor	com.formdev.flatlaf.UIDefaultsLoader$$Lambda$53/266272063@28701274MenuBar.hoverBackground	com.formdev.flatlaf.util.DerivedColor[r=230,g=230,b=230]
darken(10% autoInverse)Button.shadow	javax.swing.plaf.ColorUIResource[r=194,g=194,b=194]TitlePane.font	com.formdev.flatlaf.FlatLaf$ActiveFont@235834f2DesktopIcon.border	com.formdev.flatlaf.UIDefaultsLoader$$Lambda$51/360062456@13c9d689Table.descendingSortIcon	com.formdev.flatlaf.UIDefaultsLoader$$Lambda$48/1545242146@3754a4bfRadioButton.icon	com.formdev.flatlaf.UIDefaultsLoader$$Lambda$48/1545242146@62379589TextPane.foreground	javax.swing.plaf.ColorUIResource[r=0,g=0,b=0]ToggleButton.border	com.formdev.flatlaf.UIDefaultsLoader$$Lambda$48/1545242146@4afcd809TabbedPaneUI	com.formdev.flatlaf.ui.FlatTabbedPaneUIViewport.background	javax.swing.plaf.ColorUIResource[r=242,g=242,b=242]RadioButtonMenuItem.font	com.formdev.flatlaf.FlatLaf$ActiveFont@235834f2ScrollBar.hoverThumbColor	com.formdev.flatlaf.util.DerivedColor[r=195,g=195,b=195]
darken(10%)SpinnerUI	com.formdev.flatlaf.ui.FlatSpinnerUIScrollPaneUI	com.formdev.flatlaf.ui.FlatScrollPaneUIMenuItem.acceleratorForeground	javax.swing.plaf.ColorUIResource[r=77,g=77,b=77]TextPane.focusInputMap	com.formdev.flatlaf.FlatInputMaps$LazyInputMapEx@175c2241laf.scaleFactor	com.formdev.flatlaf.FlatLaf$$Lambda$56/689401025@5bf0d49Panel.background	javax.swing.plaf.ColorUIResource[r=242,g=242,b=242]TabbedPane.selectedLabelShift	-1TitlePane.buttonSize	javax.swing.plaf.DimensionUIResource[width=44,height=30]Slider.trackValueColor	javax.swing.plaf.ColorUIResource[r=34,g=133,b=225]OptionPane.setButtonMargin	falseSlider.hoverThumbColor	com.formdev.flatlaf.util.DerivedColor[r=28,g=120,b=206]
darken(5% autoInverse)SplitPane.highlight	javax.swing.plaf.ColorUIResource[r=255,g=255,b=255]MenuItem.underlineSelectionBackground	com.formdev.flatlaf.util.DerivedColor[r=230,g=230,b=230]
darken(10% autoInverse)TableHeader.pressedBackground	com.formdev.flatlaf.util.DerivedColor[r=230,g=230,b=230]
darken(10% autoInverse)TextField.placeholderForeground	javax.swing.plaf.ColorUIResource[r=140,g=140,b=140]SplitPaneDivider.gripColor	javax.swing.plaf.ColorUIResource[r=177,g=177,b=177]MenuBar.itemMargins	javax.swing.plaf.InsetsUIResource[top=3,left=8,bottom=3,right=8]TextArea.caretForeground	javax.swing.plaf.ColorUIResource[r=0,g=0,b=0]TitlePane.closePressedBackground	javax.swing.plaf.ColorUIResource[r=196,g=43,b=28]HelpButton.pressedBackground	com.formdev.flatlaf.util.DerivedColor[r=230,g=230,b=230]
darken(10% autoInverse)Button.defaultButtonFollowsFocus	falseActions.Green	javax.swing.plaf.ColorUIResource[r=89,g=168,b=105]activeCaptionText	javax.swing.plaf.ColorUIResource[r=0,g=0,b=0]Slider.thumbSize	javax.swing.plaf.DimensionUIResource[width=12,height=12]OptionPane.font	com.formdev.flatlaf.FlatLaf$ActiveFont@235834f2RadioButtonMenuItem.borderPainted	trueTableHeader.separatorColor	javax.swing.plaf.ColorUIResource[r=230,g=230,b=230]InternalFrame.inactiveTitleBackground	javax.swing.plaf.ColorUIResource[r=250,g=250,b=250]FileView.fileIcon	com.formdev.flatlaf.UIDefaultsLoader$$Lambda$48/1545242146@5b7a5baaTitlePane.titleMargins	javax.swing.plaf.InsetsUIResource[top=3,left=0,bottom=3,right=0]CheckBoxMenuItem.font	com.formdev.flatlaf.FlatLaf$ActiveFont@235834f2ProgressBar.cycleTime	4000inactiveCaptionText	javax.swing.plaf.ColorUIResource[r=0,g=0,b=0]TextField.iconTextGap	4[style].light	font: $light.fontColorChooser.swatchesDefaultRecentColor	javax.swing.plaf.ColorUIResource[r=242,g=242,b=242]TabbedPane.tabWidthMode	preferredTabbedPane.disabledUnderlineColor	javax.swing.plaf.ColorUIResource[r=171,g=171,b=171]Button.disabledSelectedBackground	com.formdev.flatlaf.util.DerivedColor[r=222,g=222,b=222]
darken(13% autoInverse)Slider.background	javax.swing.plaf.ColorUIResource[r=242,g=242,b=242]TabbedPane.focusInputMap	javax.swing.UIDefaults$LazyInputMap@776aec5cTabbedPane.tabRunOverlay	0Slider.disabledTrackColor	javax.swing.plaf.ColorUIResource[r=209,g=209,b=209]TextPane.inactiveForeground	javax.swing.plaf.ColorUIResource[r=140,g=140,b=140][style].semibold	font: $semibold.fontLabel.disabledForeground	javax.swing.plaf.ColorUIResource[r=140,g=140,b=140]Actions.Red	javax.swing.plaf.ColorUIResource[r=219,g=88,b=96]ProgressBar.border	com.formdev.flatlaf.UIDefaultsLoader$$Lambda$48/1545242146@1d296daFormattedTextField.selectionBackground	javax.swing.plaf.ColorUIResource[r=38,g=117,b=191]controlShadow	javax.swing.plaf.ColorUIResource[r=194,g=194,b=194]Button.default.foreground	javax.swing.plaf.ColorUIResource[r=255,g=255,b=255]Actions.Grey	javax.swing.plaf.ColorUIResource[r=110,g=110,b=110]RadioButtonMenuItem.acceleratorSelectionForeground	javax.swing.plaf.ColorUIResource[r=255,g=255,b=255]MenuItem.disabledForeground	javax.swing.plaf.ColorUIResource[r=140,g=140,b=140]ScrollPane.background	com.formdev.flatlaf.util.DerivedColor[r=245,g=245,b=245]
lighten(1%)ProgressBar.selectionForeground	javax.swing.plaf.ColorUIResource[r=255,g=255,b=255][style].mini	font: $mini.fontTabbedPane.buttonHoverBackground	com.formdev.flatlaf.util.DerivedColor[r=224,g=224,b=224]
darken(7% autoInverse)RootPane.defaultButtonWindowKeyBindings	[Ljava.lang.Object;@7c7a06ecActions.GreyInline	javax.swing.plaf.ColorUIResource[r=127,g=139,b=145]DesktopIcon.iconSize	javax.swing.plaf.DimensionUIResource[width=64,height=64][style]ToggleButton.inTextField	focusable: false; toolbar.margin: 1,1,1,1; toolbar.spacingInsets: 1,1,1,1; toolbar.hoverBackground: darken($TextField.background,4%); toolbar.pressedBackground: darken($TextField.background,8%); toolbar.selectedBackground: darken($TextField.background,12%)PasswordField.caretForeground	javax.swing.plaf.ColorUIResource[r=0,g=0,b=0]InternalFrame.inactiveBorderColor	javax.swing.plaf.ColorUIResource[r=194,g=194,b=194]Tree.editorBorder	com.formdev.flatlaf.UIDefaultsLoader$$Lambda$51/360062456@75d4a5c2Label.font	com.formdev.flatlaf.FlatLaf$ActiveFont@235834f2TabbedPane.buttonInsets	javax.swing.plaf.InsetsUIResource[top=2,left=1,bottom=2,right=1]FormattedTextField.border	com.formdev.flatlaf.UIDefaultsLoader$$Lambda$48/1545242146@557caf28TableHeader.cellBorder	com.formdev.flatlaf.UIDefaultsLoader$$Lambda$48/1545242146@408d971bButton.pressedBackground	com.formdev.flatlaf.util.DerivedColor[r=230,g=230,b=230]
darken(10% autoInverse)Spinner.font	com.formdev.flatlaf.FlatLaf$ActiveFont@235834f2ComboBox.editorColumns	0TitlePane.icon	sun.swing.SwingUtilities2$2@65fb9ffcTitledBorder.titleColor	javax.swing.plaf.ColorUIResource[r=0,g=0,b=0]SplitPaneDivider.oneTouchHoverArrowColor	com.formdev.flatlaf.util.DerivedColor[r=153,g=153,b=153]
lighten(20%)SplitPaneDivider.gripGap	2MenuBar.windowBindings	[Ljava.lang.Object;@6c6cb480ToolTipManager.enableToolTipMode	activeApplicationHelpButton.disabledQuestionMarkColor	javax.swing.plaf.ColorUIResource[r=169,g=169,b=169]Table.scrollPaneBorder	com.formdev.flatlaf.UIDefaultsLoader$$Lambda$48/1545242146@3c46e67aPasswordField.echoChar	â€¢List.cellNoFocusBorder	com.formdev.flatlaf.UIDefaultsLoader$$Lambda$48/1545242146@c730b35TitlePane.centerTitleIfMenuBarEmbedded	trueTitlePane.inactiveBackground	javax.swing.plaf.ColorUIResource[r=255,g=255,b=255]Popup.dropShadowInsets	javax.swing.plaf.InsetsUIResource[top=-4,left=-4,bottom=4,right=4]Button.borderColor	javax.swing.plaf.ColorUIResource[r=194,g=194,b=194]TextArea.foreground	javax.swing.plaf.ColorUIResource[r=0,g=0,b=0]ComboBox.buttonShadow	javax.swing.plaf.ColorUIResource[r=194,g=194,b=194]CheckBox.font	com.formdev.flatlaf.FlatLaf$ActiveFont@235834f2Objects.Blue	javax.swing.plaf.ColorUIResource[r=64,g=182,b=224]ToggleButton.toolbar.hoverBackground	com.formdev.flatlaf.util.DerivedColor[r=224,g=224,b=224]
darken(12% autoInverse)EditorPane.margin	javax.swing.plaf.InsetsUIResource[top=2,left=6,bottom=2,right=6]TitlePane.menuBarTitleMinimumGap	12Spinner.buttonDisabledArrowColor	javax.swing.plaf.ColorUIResource[r=166,g=166,b=166]textInactiveText	javax.swing.plaf.ColorUIResource[r=140,g=140,b=140]defaultFont	javax.swing.plaf.FontUIResource[family=Microsoft YaHei UI,name=Microsoft YaHei UI,style=plain,size=18]Caret.width	com.formdev.flatlaf.UIDefaultsLoader$$Lambda$52/1908981452@206a70efsemibold.font	com.formdev.flatlaf.FlatLaf$ActiveFont@292b08d6MenuItem.acceleratorDelimiter	+Button.arc	6RootPane.honorDialogMinimumSizeOnResize	trueToggleButton.textShiftOffset	0SplitPaneDivider.gripDotCount	3ScrollBar.trackArc	0Objects.Pink	javax.swing.plaf.ColorUIResource[r=249,g=139,b=158]Tree.selectionForeground	javax.swing.plaf.ColorUIResource[r=255,g=255,b=255]ToolBar.shadow	javax.swing.plaf.ColorUIResource[r=194,g=194,b=194]Separator.background	javax.swing.plaf.ColorUIResource[r=242,g=242,b=242]TextField.border	com.formdev.flatlaf.UIDefaultsLoader$$Lambda$48/1545242146@22555ebfTitlePane.buttonMinimumWidth	30TextPane.disabledBackground	javax.swing.plaf.ColorUIResource[r=242,g=242,b=242]MenuBar.highlight	javax.swing.plaf.ColorUIResource[r=255,g=255,b=255]InternalFrame.dropShadowPainted	trueToolBar.floatingForeground	javax.swing.plaf.ColorUIResource[r=194,g=194,b=194]Component.borderColor	javax.swing.plaf.ColorUIResource[r=194,g=194,b=194]PasswordField.inactiveForeground	javax.swing.plaf.ColorUIResource[r=140,g=140,b=140]TabbedPane.tabAlignment	centerInternalFrame.iconifyIcon	com.formdev.flatlaf.UIDefaultsLoader$$Lambda$48/1545242146@36ebc363Tree.dropCellBackground	com.formdev.flatlaf.UIDefaultsLoader$$Lambda$53/266272063@45752059TabbedPane.ancestorInputMap	com.formdev.flatlaf.FlatInputMaps$LazyModifyInputMap@34e9fd99CheckBox.disabledText	javax.swing.plaf.ColorUIResource[r=140,g=140,b=140]FormattedTextField.caretBlinkRate	500SplitPaneDivider.oneTouchPressedArrowColor	com.formdev.flatlaf.util.DerivedColor[r=179,g=179,b=179]
lighten(30%)Objects.YellowDark	javax.swing.plaf.ColorUIResource[r=217,g=163,b=67]Spinner.disabledForeground	javax.swing.plaf.ColorUIResource[r=140,g=140,b=140]FileView.fullRowSelection	trueSpinner.buttonDisabledSeparatorColor	javax.swing.plaf.ColorUIResource[r=206,g=206,b=206]ColorChooser.foreground	javax.swing.plaf.ColorUIResource[r=0,g=0,b=0]Table.dropLineColor	com.formdev.flatlaf.UIDefaultsLoader$$Lambda$53/266272063@3c41ed1dComboBox.buttonDisabledSeparatorColor	javax.swing.plaf.ColorUIResource[r=206,g=206,b=206]RootPane.borderDragThickness	5SplitPane.oneTouchButtonSize	com.formdev.flatlaf.UIDefaultsLoader$$Lambda$52/1908981452@54d9d12dComboBox.buttonHoverArrowColor	com.formdev.flatlaf.util.DerivedColor[r=153,g=153,b=153]
lighten(20%)TextField.focusInputMap	com.formdev.flatlaf.FlatInputMaps$LazyInputMapEx@38425407ScrollBar.minimumButtonSize	javax.swing.plaf.DimensionUIResource[width=12,height=12]Spinner.buttonSeparatorColor	javax.swing.plaf.ColorUIResource[r=194,g=194,b=194]InternalFrame.activeTitleBackground	javax.swing.plaf.ColorUIResource[r=255,g=255,b=255]Table.intercellSpacing	javax.swing.plaf.DimensionUIResource[width=0,height=0]MenuItem.minimumWidth	72TabbedPane.tabSeparatorsFullHeight	false[style]Button.inTextField	focusable: false; toolbar.margin: 1,1,1,1; toolbar.spacingInsets: 1,1,1,1; toolbar.hoverBackground: darken($TextField.background,4%); toolbar.pressedBackground: darken($TextField.background,8%); toolbar.selectedBackground: darken($TextField.background,12%)TabbedPane.closeCrossPlainSize	7.5ProgressBar.cellLength	1Button.font	com.formdev.flatlaf.FlatLaf$ActiveFont@235834f2EditorPane.caretBlinkRate	500MenuItem.opaque	falseTable.cellNoFocusBorder	com.formdev.flatlaf.UIDefaultsLoader$$Lambda$48/1545242146@43bc63a3Popup.dropShadowColor	javax.swing.plaf.ColorUIResource[r=0,g=0,b=0]ToolBarSeparatorUI	com.formdev.flatlaf.ui.FlatToolBarSeparatorUITable.cellFocusColor	javax.swing.plaf.ColorUIResource[r=21,g=65,b=106]PopupMenuSeparator.stripeWidth	1OptionPane.errorIcon	com.formdev.flatlaf.UIDefaultsLoader$$Lambda$48/1545242146@702657ccComboBox.buttonDisabledArrowColor	javax.swing.plaf.ColorUIResource[r=166,g=166,b=166]PasswordField.margin	javax.swing.plaf.InsetsUIResource[top=2,left=6,bottom=2,right=6]ScrollBar.buttonDisabledArrowColor	javax.swing.plaf.ColorUIResource[r=166,g=166,b=166]TextComponent.arc	0InternalFrame.inactiveDropShadowOpacity	0.5AuditoryCues.noAuditoryCues	[Ljava.lang.Object;@6a6cb05cToggleButton.tab.hoverBackground	com.formdev.flatlaf.util.DerivedColor[r=224,g=224,b=224]
darken(7% autoInverse)MenuItem.border	com.formdev.flatlaf.UIDefaultsLoader$$Lambda$48/1545242146@40a4337aInternalFrame.closeIcon	com.formdev.flatlaf.UIDefaultsLoader$$Lambda$48/1545242146@6025e1b6Tree.selectionArc	0OptionPane.questionIcon	com.formdev.flatlaf.UIDefaultsLoader$$Lambda$48/1545242146@22ff4249h1.regular.font	com.formdev.flatlaf.FlatLaf$ActiveFont@2d1ef81aTableHeader.foreground	javax.swing.plaf.ColorUIResource[r=0,g=0,b=0]ToolBar.gripColor	javax.swing.plaf.ColorUIResource[r=177,g=177,b=177]TabbedPane.tabInsets	javax.swing.plaf.InsetsUIResource[top=4,left=12,bottom=4,right=12]ToggleButton.toolbar.selectedBackground	com.formdev.flatlaf.util.DerivedColor[r=204,g=204,b=204]
darken(20% autoInverse)ToggleButtonUI	com.formdev.flatlaf.ui.FlatToggleButtonUIButton.default.focusColor	javax.swing.plaf.ColorUIResource[r=152,g=195,b=235]Button.innerFocusWidth	0TitlePane.inactiveForeground	javax.swing.plaf.ColorUIResource[r=140,g=140,b=140]Desktop.minOnScreenInsets	javax.swing.plaf.InsetsUIResource[top=3,left=3,bottom=3,right=3]SearchField.searchIconHoverColor	com.formdev.flatlaf.UIDefaultsLoader$$Lambda$49/937773018@4c402120TabbedPane.contentSeparatorHeight	1ScrollBar.thumbArc	0TabbedPane.selectionFollowsFocus	trueTable.focusCellHighlightBorder	com.formdev.flatlaf.UIDefaultsLoader$$Lambda$48/1545242146@327514fTableUI	com.formdev.flatlaf.ui.FlatTableUICheckBoxMenuItem.acceleratorFont	com.formdev.flatlaf.FlatLaf$ActiveFont@235834f2ColorChooser.swatchesSwatchSize	com.formdev.flatlaf.UIDefaultsLoader$$Lambda$54/2013559698@5b12b668List.selectionInsets	javax.swing.plaf.InsetsUIResource[top=0,left=0,bottom=0,right=0]CheckBox.icon	com.formdev.flatlaf.UIDefaultsLoader$$Lambda$48/1545242146@1165b38Table.dropCellBackground	com.formdev.flatlaf.UIDefaultsLoader$$Lambda$53/266272063@4c12331bButton.darkShadow	javax.swing.plaf.ColorUIResource[r=156,g=156,b=156][style].h00	font: $h00.fontTree.openIcon	com.formdev.flatlaf.UIDefaultsLoader$$Lambda$48/1545242146@7586beffSpinner.buttonPressedArrowColor	com.formdev.flatlaf.util.DerivedColor[r=179,g=179,b=179]
lighten(30%)TabbedPane.closeIcon	com.formdev.flatlaf.UIDefaultsLoader$$Lambda$48/1545242146@3b69e7d1ToggleButton.foreground	javax.swing.plaf.ColorUIResource[r=0,g=0,b=0]textText	javax.swing.plaf.ColorUIResource[r=0,g=0,b=0]TextField.font	com.formdev.flatlaf.FlatLaf$ActiveFont@235834f2AuditoryCues.cueList	[Ljava.lang.Object;@815b41fToggleButton.tab.underlineHeight	2SplitPane.darkShadow	javax.swing.plaf.ColorUIResource[r=156,g=156,b=156]TabbedPane.disabledForeground	javax.swing.plaf.ColorUIResource[r=140,g=140,b=140]ComboBox.buttonBackground	javax.swing.plaf.ColorUIResource[r=255,g=255,b=255]OptionPane.maxCharactersPerLine	80Table.showVerticalLines	falseMenu.selectionBackground	javax.swing.plaf.ColorUIResource[r=38,g=117,b=191]Menu.preserveTopLevelSelection	falseActions.Yellow	javax.swing.plaf.ColorUIResource[r=237,g=162,b=0]TextField.caretForeground	javax.swing.plaf.ColorUIResource[r=0,g=0,b=0]List.selectionForeground	javax.swing.plaf.ColorUIResource[r=255,g=255,b=255]RadioButtonMenuItem.background	javax.swing.plaf.ColorUIResource[r=255,g=255,b=255]ComboBox.borderCornerRadius	4FileChooser.useSystemExtensionHiding	trueh00.font	com.formdev.flatlaf.FlatLaf$ActiveFont@5542c4edRadioButton.margin	javax.swing.plaf.InsetsUIResource[top=2,left=2,bottom=2,right=2]Objects.RedStatus	javax.swing.plaf.ColorUIResource[r=224,g=85,b=85]MenuItem.borderPainted	trueOptionPane.warningIcon	com.formdev.flatlaf.UIDefaultsLoader$$Lambda$48/1545242146@1573f9fcTree.icon.expandedColor	javax.swing.plaf.ColorUIResource[r=177,g=177,b=177]Separator.height	3Slider.focus	javax.swing.plaf.ColorUIResource[r=156,g=156,b=156]InternalFrame.activeTitleForeground	javax.swing.plaf.ColorUIResource[r=0,g=0,b=0]RadioButtonMenuItem.disabledForeground	javax.swing.plaf.ColorUIResource[r=140,g=140,b=140]SearchField.clearIconColor	com.formdev.flatlaf.UIDefaultsLoader$$Lambda$49/937773018@6150c3ecHelpButton.background	javax.swing.plaf.ColorUIResource[r=255,g=255,b=255]Button.default.hoverBorderColor	javax.swing.plaf.ColorUIResource[r=163,g=197,b=228]TextComponent.selectAllOnFocusPolicy	onceProgressBar.foreground	javax.swing.plaf.ColorUIResource[r=34,g=133,b=225]Tree.showDefaultIcons	falseButtonUI	com.formdev.flatlaf.ui.FlatButtonUI[style].h3.regular	font: $h3.regular.fontFileView.directoryIcon	com.formdev.flatlaf.UIDefaultsLoader$$Lambda$48/1545242146@44c03695PopupMenu.consumeEventOnClose	falseInternalFrame.borderLight	javax.swing.plaf.ColorUIResource[r=225,g=225,b=225]Tree.font	com.formdev.flatlaf.FlatLaf$ActiveFont@235834f2Spinner.arrowButtonSize	java.awt.Dimension[width=16,height=5]TabbedPane.closeForeground	javax.swing.plaf.ColorUIResource[r=140,g=140,b=140]InternalFrame.activeDropShadowInsets	javax.swing.plaf.InsetsUIResource[top=5,left=5,bottom=6,right=6]PopupMenu.hoverScrollArrowBackground	javax.swing.plaf.ColorUIResource[r=229,g=229,b=229]Button.minimumWidth	72SearchField.clearIconPressedColor	com.formdev.flatlaf.UIDefaultsLoader$$Lambda$49/937773018@7e6f74cTabbedPane.tabsPopupPolicy	asNeededRadioButtonMenuItem.selectionForeground	javax.swing.plaf.ColorUIResource[r=255,g=255,b=255]Button.selectedForeground	javax.swing.plaf.ColorUIResource[r=0,g=0,b=0]ListUI	com.formdev.flatlaf.ui.FlatListUITabbedPane.hasFullBorder	falsePopupMenuUI	com.formdev.flatlaf.ui.FlatPopupMenuUIh2.regular.font	com.formdev.flatlaf.FlatLaf$ActiveFont@dd05255EditorPane.font	com.formdev.flatlaf.FlatLaf$ActiveFont@235834f2TextArea.background	javax.swing.plaf.ColorUIResource[r=255,g=255,b=255]Spinner.editorAlignment	11[style].medium	font: $medium.fontinactiveCaptionBorder	javax.swing.plaf.ColorUIResource[r=191,g=205,b=219]FileChooser.usesSingleFilePane	trueHelpButton.borderColor	javax.swing.plaf.ColorUIResource[r=194,g=194,b=194]TitlePane.background	javax.swing.plaf.ColorUIResource[r=255,g=255,b=255]MenuItem.underlineSelectionHeight	3FormattedTextField.margin	javax.swing.plaf.InsetsUIResource[top=2,left=6,bottom=2,right=6]PasswordFieldUI	com.formdev.flatlaf.ui.FlatPasswordFieldUIOptionPane.buttonPadding	8h4.font	com.formdev.flatlaf.FlatLaf$ActiveFont@6a78afa0ComboBox.selectionArc	0TextField.highlight	javax.swing.plaf.ColorUIResource[r=255,g=255,b=255]List.cellFocusColor	javax.swing.plaf.ColorUIResource[r=21,g=65,b=106]FileChooser.readOnly	falseMenu.opaque	falseTable.dropCellForeground	com.formdev.flatlaf.UIDefaultsLoader$$Lambda$50/728258269@2f4948e4CheckBox.focusInputMap	javax.swing.UIDefaults$LazyInputMap@1f2586d6CheckBox.border	com.formdev.flatlaf.UIDefaultsLoader$$Lambda$48/1545242146@10683d9dTree.selectionBackground	javax.swing.plaf.ColorUIResource[r=38,g=117,b=191]RootPaneUI	com.formdev.flatlaf.ui.FlatRootPaneUIObjects.Grey	javax.swing.plaf.ColorUIResource[r=154,g=167,b=176]ToolBar.background	javax.swing.plaf.ColorUIResource[r=242,g=242,b=242]TabbedPane.textIconGap	4RadioButton.shadow	javax.swing.plaf.ColorUIResource[r=194,g=194,b=194]FormattedTextFieldUI	com.formdev.flatlaf.ui.FlatFormattedTextFieldUIToolBar.floatingBackground	javax.swing.plaf.ColorUIResource[r=242,g=242,b=242]Menu.border	com.formdev.flatlaf.UIDefaultsLoader$$Lambda$48/1545242146@3fc2959fToolBar.focusableButtons	falseToolTip.font	com.formdev.flatlaf.FlatLaf$ActiveFont@235834f2TextPane.border	com.formdev.flatlaf.UIDefaultsLoader$$Lambda$48/1545242146@5aa9e4ebTextPane.selectionBackground	javax.swing.plaf.ColorUIResource[r=38,g=117,b=191]PasswordField.inactiveBackground	javax.swing.plaf.ColorUIResource[r=242,g=242,b=242]List.foreground	javax.swing.plaf.ColorUIResource[r=0,g=0,b=0]Menu.font	com.formdev.flatlaf.FlatLaf$ActiveFont@235834f2InternalFrame.titleFont	com.formdev.flatlaf.FlatLaf$ActiveFont@235834f2TabbedPane.showTabSeparators	falseOptionPane.buttonMinimumWidth	com.formdev.flatlaf.UIDefaultsLoader$$Lambda$52/1908981452@6989da5eSlider.onlyLeftMouseButtonDrag	trueMenu.selectionForeground	javax.swing.plaf.ColorUIResource[r=255,g=255,b=255]TextArea.selectionForeground	javax.swing.plaf.ColorUIResource[r=255,g=255,b=255]ToolBar.font	com.formdev.flatlaf.FlatLaf$ActiveFont@235834f2Menu.submenuPopupOffsetY	com.formdev.flatlaf.UIDefaultsLoader$$Lambda$52/1908981452@385c9627Menu.submenuPopupOffsetX	com.formdev.flatlaf.UIDefaultsLoader$$Lambda$52/1908981452@139982deSpinner.disabledBackground	javax.swing.plaf.ColorUIResource[r=242,g=242,b=242]Separator.highlight	javax.swing.plaf.ColorUIResource[r=255,g=255,b=255]Tree.focusInputMap	com.formdev.flatlaf.FlatInputMaps$LazyModifyInputMap@682b2famedium.font	com.formdev.flatlaf.FlatLaf$ActiveFont@217ed35eColorChooser.background	javax.swing.plaf.ColorUIResource[r=242,g=242,b=242]RadioButtonMenuItem.foreground	javax.swing.plaf.ColorUIResource[r=0,g=0,b=0]TableHeader.cellMargins	javax.swing.plaf.InsetsUIResource[top=2,left=3,bottom=2,right=3]Spinner.editorBorderPainted	falseObjects.Green	javax.swing.plaf.ColorUIResource[r=98,g=181,b=67]ToolTip.border	com.formdev.flatlaf.UIDefaultsLoader$$Lambda$51/360062456@7dcf94f8Panel.font	com.formdev.flatlaf.FlatLaf$ActiveFont@235834f2ToolBar.floatable	falseToolBar.hoverButtonGroupArc	8Table.background	javax.swing.plaf.ColorUIResource[r=255,g=255,b=255]ViewportUI	com.formdev.flatlaf.ui.FlatViewportUITree.rowHeight	0Objects.Red	javax.swing.plaf.ColorUIResource[r=242,g=101,b=34]Tree.changeSelectionWithFocus	trueMenuItem.iconTextGap	6Popup.dropShadowPainted	trueComboBox.maximumRowCount	15ProgressBar.repaintInterval	15TabbedPane.hoverColor	com.formdev.flatlaf.util.DerivedColor[r=224,g=224,b=224]
darken(7% autoInverse)RootPane.honorFrameMinimumSizeOnResize	falseToggleButton.highlight	javax.swing.plaf.ColorUIResource[r=255,g=255,b=255]ScrollBar.track	com.formdev.flatlaf.util.DerivedColor[r=245,g=245,b=245]
lighten(1%)TextField.caretBlinkRate	500CheckBox.textIconGap	4List.dropCellBackground	com.formdev.flatlaf.UIDefaultsLoader$$Lambda$53/266272063@229f66edCheckBox.icon.style	filledTree.textBackground	javax.swing.plaf.ColorUIResource[r=255,g=255,b=255]TextArea.inactiveForeground	javax.swing.plaf.ColorUIResource[r=140,g=140,b=140]Component.custom.borderColor	com.formdev.flatlaf.util.DerivedColor[r=243,g=141,b=141]
desaturate(20%)
lighten(25%)PasswordField.revealIcon	com.formdev.flatlaf.UIDefaultsLoader$$Lambda$48/1545242146@31190526RootPane.ancestorInputMap	javax.swing.UIDefaults$LazyInputMap@662ac478Component.warning.borderColor	javax.swing.plaf.ColorUIResource[r=254,g=210,b=132]RadioButtonMenuItem.opaque	falsePopupMenu.scrollArrowColor	javax.swing.plaf.ColorUIResource[r=102,g=102,b=102]TableHeader.background	javax.swing.plaf.ColorUIResource[r=255,g=255,b=255]List.timeFactor	1000FileView.computerIcon	com.formdev.flatlaf.UIDefaultsLoader$$Lambda$48/1545242146@6743e411TextPaneUI	com.formdev.flatlaf.ui.FlatTextPaneUIInternalFrame.buttonPressedBackground	com.formdev.flatlaf.util.DerivedColor[r=204,g=204,b=204]
darken(20% autoInverse)TitlePane.unifiedBackground	trueScrollPane.ancestorInputMap.RightToLeft	javax.swing.UIDefaults$LazyInputMap@3eb25e1aPopupMenu.borderInsets	javax.swing.plaf.InsetsUIResource[top=4,left=1,bottom=4,right=1]ComboBoxUI	com.formdev.flatlaf.ui.FlatComboBoxUIRadioButtonMenuItem.border	com.formdev.flatlaf.UIDefaultsLoader$$Lambda$48/1545242146@477b4cdfTableHeader.showTrailingVerticalLine	falsePopup.borderCornerRadius	4CheckBoxMenuItem.acceleratorForeground	javax.swing.plaf.ColorUIResource[r=77,g=77,b=77]TabbedPane.buttonArc	6ToolTip.borderCornerRadius	4TextField.light	javax.swing.plaf.ColorUIResource[r=225,g=225,b=225]h3.regular.font	com.formdev.flatlaf.FlatLaf$ActiveFont@77c2494cScrollBar.hoverButtonBackground	com.formdev.flatlaf.util.DerivedColor[r=229,g=229,b=229]
darken(5%)TitlePane.centerTitle	falseScrollBar.ancestorInputMap	javax.swing.UIDefaults$LazyInputMap@f5958c9TabbedPane.darkShadow	javax.swing.plaf.ColorUIResource[r=156,g=156,b=156]Button.textIconGap	4Table.focusCellForeground	javax.swing.plaf.ColorUIResource[r=0,g=0,b=0]TitlePane.foreground	javax.swing.plaf.ColorUIResource[r=0,g=0,b=0]Table.cellMargins	javax.swing.plaf.InsetsUIResource[top=2,left=3,bottom=2,right=3]Button.focusInputMap	javax.swing.UIDefaults$LazyInputMap@233795b6HelpButton.disabledBackground	javax.swing.plaf.ColorUIResource[r=242,g=242,b=242]HelpButton.disabledBorderColor	javax.swing.plaf.ColorUIResource[r=206,g=206,b=206]Tree.selectionBorderColor	javax.swing.plaf.ColorUIResource[r=21,g=65,b=106]ToolBar.foreground	javax.swing.plaf.ColorUIResource[r=0,g=0,b=0]ToggleButton.background	javax.swing.plaf.ColorUIResource[r=255,g=255,b=255][style].h2.regular	font: $h2.regular.fontCheckBox.icon[filled].selectedBorderColor	javax.swing.plaf.ColorUIResource[r=74,g=149,b=219]ToolTip.foreground	javax.swing.plaf.ColorUIResource[r=0,g=0,b=0]Slider.trackColor	javax.swing.plaf.ColorUIResource[r=196,g=196,b=196]PopupMenuSeparator.stripeIndent	4MenuBar.font	com.formdev.flatlaf.FlatLaf$ActiveFont@235834f2List.focusSelectedCellHighlightBorder	com.formdev.flatlaf.UIDefaultsLoader$$Lambda$48/1545242146@3eb738bbCheckBox.icon[filled].selectedBackground	javax.swing.plaf.ColorUIResource[r=78,g=157,b=231]TextPane.selectionForeground	javax.swing.plaf.ColorUIResource[r=255,g=255,b=255]EditorPane.caretForeground	javax.swing.plaf.ColorUIResource[r=0,g=0,b=0]CheckBoxMenuItem.disabledForeground	javax.swing.plaf.ColorUIResource[r=140,g=140,b=140]Slider.focusedColor	com.formdev.flatlaf.util.DerivedColor[r=148,g=193,b=234]
changeLightness(75%)
fade(50%)MenuItem.acceleratorSelectionForeground	javax.swing.plaf.ColorUIResource[r=255,g=255,b=255]CheckBox.icon[filled].focusedSelectedBorderColor	javax.swing.plaf.ColorUIResource[r=167,g=206,b=243]List.selectionBackground	javax.swing.plaf.ColorUIResource[r=38,g=117,b=191]HelpButton.questionMarkColor	javax.swing.plaf.ColorUIResource[r=78,g=157,b=231]MenuBar.selectionArc	0h3.font	com.formdev.flatlaf.FlatLaf$ActiveFont@5bda8e08TitlePane.showIconBesideTitle	falseInternalFrame.buttonHoverBackground	com.formdev.flatlaf.util.DerivedColor[r=230,g=230,b=230]
darken(10% autoInverse)RadioButton.highlight	javax.swing.plaf.ColorUIResource[r=255,g=255,b=255]MenuItem.checkMargins	javax.swing.plaf.InsetsUIResource[top=2,left=2,bottom=2,right=2]Tree.paintLines	falseOptionPane.messageAreaBorder	com.formdev.flatlaf.UIDefaultsLoader$$Lambda$51/360062456@1e800aaaOptionPane.sameSizeButtons	trueTable.rowHeight	20ToggleButton.toolbar.pressedBackground	com.formdev.flatlaf.util.DerivedColor[r=217,g=217,b=217]
darken(15% autoInverse)Tree.ancestorInputMap	javax.swing.UIDefaults$LazyInputMap@185a6e9Tree.leftChildIndent	7TabbedPane.inactiveUnderlineColor	javax.swing.plaf.ColorUIResource[r=151,g=187,b=220]TitlePane.maximizeIcon	com.formdev.flatlaf.UIDefaultsLoader$$Lambda$48/1545242146@6f03482Table.foreground	javax.swing.plaf.ColorUIResource[r=0,g=0,b=0]Spinner.ancestorInputMap	javax.swing.UIDefaults$LazyInputMap@9d5509aMenuBar.borderColor	javax.swing.plaf.ColorUIResource[r=206,g=206,b=206]Table.selectionInactiveBackground	javax.swing.plaf.ColorUIResource[r=211,g=211,b=211]ToolBar.separatorWidth	7FormattedTextField.iconTextGap	4ProgressBar.background	javax.swing.plaf.ColorUIResource[r=209,g=209,b=209]HelpButton.innerFocusWidth	0RadioButtonUI	com.formdev.flatlaf.ui.FlatRadioButtonUIOptionPane.buttonClickThreshhold	500Component.error.focusedBorderColor	javax.swing.plaf.ColorUIResource[r=229,g=62,b=77]TableHeader.height	25Tree.hash	javax.swing.plaf.ColorUIResource[r=230,g=230,b=230]Button.background	javax.swing.plaf.ColorUIResource[r=255,g=255,b=255]laf.dark	falseToolBar.light	javax.swing.plaf.ColorUIResource[r=225,g=225,b=225]OptionPane.windowBindings	[Ljava.lang.Object;@179ece50large.font	com.formdev.flatlaf.FlatLaf$ActiveFont@3b0090a4PasswordField.selectionForeground	javax.swing.plaf.ColorUIResource[r=255,g=255,b=255]Slider.disabledThumbColor	javax.swing.plaf.ColorUIResource[r=209,g=209,b=209]SplitPane.dividerSize	5ComboBox.buttonArrowColor	javax.swing.plaf.ColorUIResource[r=102,g=102,b=102]TabbedPane.scrollButtonsPolicy	asNeededSingleList.dropCellForeground	com.formdev.flatlaf.UIDefaultsLoader$$Lambda$50/728258269@3cd3e762Tree.textForeground	javax.swing.plaf.ColorUIResource[r=0,g=0,b=0]PasswordField.showRevealButton	falseTextFieldUI	com.formdev.flatlaf.ui.FlatTextFieldUIRadioButtonMenuItem.selectionBackground	javax.swing.plaf.ColorUIResource[r=38,g=117,b=191]RadioButton.textIconGap	4TitledBorder.border	com.formdev.flatlaf.UIDefaultsLoader$$Lambda$51/360062456@1fa121e2CheckBoxMenuItem.arrowIcon	com.formdev.flatlaf.UIDefaultsLoader$$Lambda$48/1545242146@7eac9008CheckBox.icon.selectedBorderColor	javax.swing.plaf.ColorUIResource[r=78,g=157,b=231]PopupMenu.font	com.formdev.flatlaf.FlatLaf$ActiveFont@235834f2Button.selectedBackground	com.formdev.flatlaf.util.DerivedColor[r=204,g=204,b=204]
darken(20% autoInverse)Tree.dropLineColor	com.formdev.flatlaf.UIDefaultsLoader$$Lambda$53/266272063@4116aac9Table.sortIconColor	javax.swing.plaf.ColorUIResource[r=177,g=177,b=177]Component.focusWidth	2EditorPaneUI	com.formdev.flatlaf.ui.FlatEditorPaneUITree.rendererMargins	javax.swing.plaf.InsetsUIResource[top=1,left=2,bottom=1,right=2]EditorPane.selectionForeground	javax.swing.plaf.ColorUIResource[r=255,g=255,b=255]Button.default.borderWidth	1Spinner.border	com.formdev.flatlaf.UIDefaultsLoader$$Lambda$48/1545242146@62ddbd7eInternalFrame.borderShadow	javax.swing.plaf.ColorUIResource[r=194,g=194,b=194]TextComponent.selectAllOnMouseClick	falseComboBox.noActionOnKeyNavigation	falseCheckBoxMenuItem.icon.checkmarkColor	javax.swing.plaf.ColorUIResource[r=78,g=157,b=231]Component.grayFilter	com.formdev.flatlaf.UIDefaultsLoader$$Lambda$55/2043318969@74e52ef6activeCaptionBorder	javax.swing.plaf.ColorUIResource[r=153,g=180,b=209]ToggleButton.disabledBackground	javax.swing.plaf.ColorUIResource[r=242,g=242,b=242]ToggleButton.margin	javax.swing.plaf.InsetsUIResource[top=2,left=14,bottom=2,right=14]SeparatorUI	com.formdev.flatlaf.ui.FlatSeparatorUICheckBoxMenuItemUI	com.formdev.flatlaf.ui.FlatCheckBoxMenuItemUITabbedPane.contentOpaque	truePasswordField.disabledBackground	javax.swing.plaf.ColorUIResource[r=242,g=242,b=242]TabbedPane.scrollButtonsPlacement	bothTitlePane.buttonHoverBackground	com.formdev.flatlaf.util.DerivedColor[r=230,g=230,b=230]
darken(10% autoInverse)ScrollPane.smoothScrolling	trueToggleButton.textIconGap	4TabbedPane.tabSelectionHeight	3ScrollBar.hoverTrackColor	com.formdev.flatlaf.util.DerivedColor[r=237,g=237,b=237]
darken(3%)FormattedTextField.caretForeground	javax.swing.plaf.ColorUIResource[r=0,g=0,b=0]TabbedPane.tabsOpaque	trueDesktopIcon.closeIcon	com.formdev.flatlaf.UIDefaultsLoader$$Lambda$48/1545242146@6ed3ccb2ToggleButton.selectedForeground	javax.swing.plaf.ColorUIResource[r=0,g=0,b=0]List.background	javax.swing.plaf.ColorUIResource[r=255,g=255,b=255]Slider.font	com.formdev.flatlaf.FlatLaf$ActiveFont@235834f2mini.font	com.formdev.flatlaf.FlatLaf$ActiveFont@1a677343small.font	com.formdev.flatlaf.FlatLaf$ActiveFont@15de0b3cToggleButton.tab.underlineColor	javax.swing.plaf.ColorUIResource[r=60,g=131,b=197]TextArea.border	com.formdev.flatlaf.UIDefaultsLoader$$Lambda$48/1545242146@489115efObjects.BlackText	javax.swing.plaf.ColorUIResource[r=35,g=31,b=32]TextArea.selectionBackground	javax.swing.plaf.ColorUIResource[r=38,g=117,b=191]MenuItem.selectionBackground	javax.swing.plaf.ColorUIResource[r=38,g=117,b=191]Label.foreground	javax.swing.plaf.ColorUIResource[r=0,g=0,b=0]InternalFrame.minimizeIcon	com.formdev.flatlaf.UIDefaultsLoader$$Lambda$48/1545242146@3857f613Component.warning.focusedBorderColor	javax.swing.plaf.ColorUIResource[r=226,g=165,b=58]Spinner.background	javax.swing.plaf.ColorUIResource[r=255,g=255,b=255]monospaced.font	com.formdev.flatlaf.FlatLaf$ActiveFont@198b6731FormattedTextField.foreground	javax.swing.plaf.ColorUIResource[r=0,g=0,b=0]Menu.borderPainted	trueTabbedPane.tabAreaAlignment	leadingTable.selectionInactiveForeground	javax.swing.plaf.ColorUIResource[r=0,g=0,b=0]ComboBox.buttonStyle	autoCheckBoxMenuItem.opaque	falsePasswordField.capsLockIconColor	javax.swing.plaf.ColorUIResource[r=0,g=0,b=0]RadioButtonMenuItem.arrowIcon	com.formdev.flatlaf.UIDefaultsLoader$$Lambda$48/1545242146@7c6908d7h2.font	com.formdev.flatlaf.FlatLaf$ActiveFont@3c9754d8Button.foreground	javax.swing.plaf.ColorUIResource[r=0,g=0,b=0]InternalFrame.borderHighlight	javax.swing.plaf.ColorUIResource[r=255,g=255,b=255]FileView.floppyDriveIcon	com.formdev.flatlaf.UIDefaultsLoader$$Lambda$48/1545242146@3bf7ca37InternalFrame.borderLineWidth	1TabbedPane.light	javax.swing.plaf.ColorUIResource[r=225,g=225,b=225]Button.disabledBackground	javax.swing.plaf.ColorUIResource[r=242,g=242,b=242]CheckBoxMenuItem.border	com.formdev.flatlaf.UIDefaultsLoader$$Lambda$48/1545242146@79079097InternalFrame.closePressedForeground	javax.swing.plaf.ColorUIResource[r=255,g=255,b=255]Tree.icon.collapsedColor	javax.swing.plaf.ColorUIResource[r=177,g=177,b=177]TextArea.inactiveBackground	javax.swing.plaf.ColorUIResource[r=242,g=242,b=242]ScrollBar.showButtons	falseSpinner.padding	javax.swing.plaf.InsetsUIResource[top=2,left=6,bottom=2,right=6]ToggleButton.shadow	javax.swing.plaf.ColorUIResource[r=194,g=194,b=194]OptionPane.background	javax.swing.plaf.ColorUIResource[r=242,g=242,b=242][style].h1.regular	font: $h1.regular.fontComboBox.buttonPressedArrowColor	com.formdev.flatlaf.util.DerivedColor[r=179,g=179,b=179]
lighten(30%)Tree.closedIcon	com.formdev.flatlaf.UIDefaultsLoader$$Lambda$48/1545242146@4d1c00d0CheckBox.rollover	trueMenuItem.selectionInsets	javax.swing.plaf.InsetsUIResource[top=0,left=0,bottom=0,right=0]Menu.crossMenuMnemonic	trueMenuBar.border	com.formdev.flatlaf.UIDefaultsLoader$$Lambda$48/1545242146@4b2bac3fTitlePane.showIconInDialogs	trueComponent.disabledBorderColor	javax.swing.plaf.ColorUIResource[r=206,g=206,b=206]Menu.disabledForeground	javax.swing.plaf.ColorUIResource[r=140,g=140,b=140]TabbedPane.labelShift	1InternalFrame.maximizeIcon	com.formdev.flatlaf.UIDefaultsLoader$$Lambda$48/1545242146@4e08711fSearchField.searchIconPressedColor	com.formdev.flatlaf.UIDefaultsLoader$$Lambda$49/937773018@bcec361ToggleButton.disabledText	javax.swing.plaf.ColorUIResource[r=140,g=140,b=140]PasswordField.capsLockIcon	com.formdev.flatlaf.UIDefaultsLoader$$Lambda$48/1545242146@26794848Button.toolbar.selectedBackground	com.formdev.flatlaf.util.DerivedColor[r=204,g=204,b=204]
darken(20% autoInverse)TextField.darkShadow	javax.swing.plaf.ColorUIResource[r=156,g=156,b=156]Desktop.ancestorInputMap	javax.swing.UIDefaults$LazyInputMap@302552ecToolBar.hoverButtonGroupBackground	com.formdev.flatlaf.util.DerivedColor[r=234,g=234,b=234]
darken(3% autoInverse)Menu.shortcutKeys	[I@3d285d7eCheckBoxMenuItem.acceleratorSelectionForeground	javax.swing.plaf.ColorUIResource[r=255,g=255,b=255]Table.font	com.formdev.flatlaf.FlatLaf$ActiveFont@235834f2Slider.horizontalSize	java.awt.Dimension[width=200,height=21]MenuItem.minimumIconSize	javax.swing.plaf.DimensionUIResource[width=16,height=16]Table.focusCellBackground	javax.swing.plaf.ColorUIResource[r=255,g=255,b=255]Separator.stripeIndent	1InternalFrameUI	com.formdev.flatlaf.ui.FlatInternalFrameUIButton.disabledBorderColor	javax.swing.plaf.ColorUIResource[r=206,g=206,b=206]HelpButton.focusedBorderColor	javax.swing.plaf.ColorUIResource[r=137,g=176,b=212]Tree.selectionInsets	javax.swing.plaf.InsetsUIResource[top=0,left=0,bottom=0,right=0]PasswordField.font	com.formdev.flatlaf.FlatLaf$ActiveFont@235834f2FormattedTextField.inactiveBackground	javax.swing.plaf.ColorUIResource[r=242,g=242,b=242]ProgressBarUI	com.formdev.flatlaf.ui.FlatProgressBarUIFormattedTextField.font	com.formdev.flatlaf.FlatLaf$ActiveFont@235834f2List.font	com.formdev.flatlaf.FlatLaf$ActiveFont@235834f2AuditoryCues.allAuditoryCues	[Ljava.lang.Object;@815b41fViewport.font	com.formdev.flatlaf.FlatLaf$ActiveFont@235834f2Table.gridColor	javax.swing.plaf.ColorUIResource[r=235,g=235,b=235]InternalFrameTitlePane.iconifyButtonOpacity	trueProgressBar.font	com.formdev.flatlaf.FlatLaf$ActiveFont@15de0b3cComboBox.selectionInsets	javax.swing.plaf.InsetsUIResource[top=0,left=0,bottom=0,right=0]ToolTip.background	javax.swing.plaf.ColorUIResource[r=250,g=250,b=250]Tree.border	com.formdev.flatlaf.UIDefaultsLoader$$Lambda$51/360062456@40005471PanelUI	com.formdev.flatlaf.ui.FlatPanelUIComponent.arc	5Slider.focusInputMap	javax.swing.UIDefaults$LazyInputMap@2cd76f31MenuItem.checkBackground	com.formdev.flatlaf.util.DerivedColor[r=191,g=217,b=242]
lighten(40%)EditorPane.foreground	javax.swing.plaf.ColorUIResource[r=0,g=0,b=0]Button.rollover	trueTree.rendererFillBackground	falseButton.border	com.formdev.flatlaf.UIDefaultsLoader$$Lambda$48/1545242146@367ffa75ToolBar.isRollover	trueCheckBox.icon.disabledCheckmarkColor	javax.swing.plaf.ColorUIResource[r=168,g=168,b=168]MenuItem.selectionForeground	javax.swing.plaf.ColorUIResource[r=255,g=255,b=255]HelpButton.icon	com.formdev.flatlaf.UIDefaultsLoader$$Lambda$48/1545242146@49438269TabbedPane.closeSize	javax.swing.plaf.DimensionUIResource[width=16,height=16]ToggleButton.font	com.formdev.flatlaf.FlatLaf$ActiveFont@235834f2Objects.Yellow	javax.swing.plaf.ColorUIResource[r=244,g=175,b=61]TabbedPane.closeHoverForeground	javax.swing.plaf.ColorUIResource[r=0,g=0,b=0]CheckBoxMenuItem.selectionBackground	javax.swing.plaf.ColorUIResource[r=38,g=117,b=191]Spinner.foreground	javax.swing.plaf.ColorUIResource[r=0,g=0,b=0]Tree.icon.openColor	javax.swing.plaf.ColorUIResource[r=177,g=177,b=177]Table.showHorizontalLines	falseCheckBox.icon.hoverBackground	com.formdev.flatlaf.util.DerivedColor[r=247,g=247,b=247]
darken(3% autoInverse)PasswordField.background	javax.swing.plaf.ColorUIResource[r=255,g=255,b=255]InternalFrame.activeBorderColor	javax.swing.plaf.ColorUIResource[r=145,g=145,b=145]MenuUI	com.formdev.flatlaf.ui.FlatMenuUIButton.hoverBackground	com.formdev.flatlaf.util.DerivedColor[r=247,g=247,b=247]
darken(3% autoInverse)DesktopIconUI	com.formdev.flatlaf.ui.FlatDesktopIconUIScrollBar.background	javax.swing.plaf.ColorUIResource[r=242,g=242,b=242]TitlePane.menuBarTitleGap	40TextField.margin	javax.swing.plaf.InsetsUIResource[top=2,left=6,bottom=2,right=6]Desktop.background	javax.swing.plaf.ColorUIResource[r=230,g=235,b=240]light.font	com.formdev.flatlaf.FlatLaf$ActiveFont@ba2f4ecPopupMenu.borderCornerRadius	4CheckBox.foreground	javax.swing.plaf.ColorUIResource[r=0,g=0,b=0]SliderUI	com.formdev.flatlaf.ui.FlatSliderUIwindowBorder	javax.swing.plaf.ColorUIResource[r=0,g=0,b=0]TabbedPane.underlineColor	javax.swing.plaf.ColorUIResource[r=60,g=131,b=197]TableHeader.bottomSeparatorColor	javax.swing.plaf.ColorUIResource[r=230,g=230,b=230]PasswordField.selectionBackground	javax.swing.plaf.ColorUIResource[r=38,g=117,b=191]Slider.pressedThumbColor	com.formdev.flatlaf.util.DerivedColor[r=26,g=112,b=192]
darken(8% autoInverse)SplitPane.ancestorInputMap	javax.swing.UIDefaults$LazyInputMap@1c1bbc4eOptionPane.foreground	javax.swing.plaf.ColorUIResource[r=0,g=0,b=0]Popup.dropShadowOpacity	0.15RootPane.activeBorderColor	com.formdev.flatlaf.util.DerivedColor[r=115,g=115,b=115]
darken(50% autoInverse)Slider.tickColor	javax.swing.plaf.ColorUIResource[r=140,g=140,b=140]FormattedTextField.focusInputMap	com.formdev.flatlaf.FlatInputMaps$LazyInputMapEx@55fe41eaTable.ancestorInputMap.RightToLeft	javax.swing.UIDefaults$LazyInputMap@fbd1f6Slider.focusInsets	javax.swing.plaf.InsetsUIResource[top=0,left=0,bottom=0,right=0]desktop	javax.swing.plaf.ColorUIResource[r=255,g=255,b=255]TabbedPane.closePressedForeground	javax.swing.plaf.ColorUIResource[r=0,g=0,b=0]MenuItem.selectionArc	0Tree.focusInputMap.RightToLeft	javax.swing.UIDefaults$LazyInputMap@1ce24091EditorPane.selectionBackground	javax.swing.plaf.ColorUIResource[r=38,g=117,b=191]ScrollBar.minimumThumbSize	javax.swing.plaf.DimensionUIResource[width=10,height=10]Button.default.pressedBackground	com.formdev.flatlaf.util.DerivedColor[r=50,g=112,b=171]
darken(10% autoInverse)h1.font	com.formdev.flatlaf.FlatLaf$ActiveFont@5dda768fProgressBar.arc	4ComboBox.font	com.formdev.flatlaf.FlatLaf$ActiveFont@235834f2CheckBoxUI	com.formdev.flatlaf.ui.FlatCheckBoxUIScrollPane.ancestorInputMap	javax.swing.UIDefaults$LazyInputMap@7a8c8dcfMenuItem.acceleratorFont	com.formdev.flatlaf.FlatLaf$ActiveFont@235834f2TextAreaUI	com.formdev.flatlaf.ui.FlatTextAreaUIFileChooser.newFolderIcon	com.formdev.flatlaf.UIDefaultsLoader$$Lambda$48/1545242146@24269709ToolBar.arrowKeysOnlyNavigation	trueComponent.accentColor	javax.swing.plaf.ColorUIResource[r=38,g=117,b=191]FormattedTextField.inactiveForeground	javax.swing.plaf.ColorUIResource[r=140,g=140,b=140]Spinner.buttonStyle	buttonPasswordField.showCapsLock	trueList.selectionArc	0TitlePane.iconMargins	javax.swing.plaf.InsetsUIResource[top=3,left=8,bottom=3,right=8]MenuItem.margin	javax.swing.plaf.InsetsUIResource[top=3,left=6,bottom=3,right=6]InternalFrame.inactiveDropShadowInsets	javax.swing.plaf.InsetsUIResource[top=3,left=3,bottom=4,right=4]ToggleButton.selectedBackground	com.formdev.flatlaf.util.DerivedColor[r=204,g=204,b=204]
darken(20% autoInverse)ScrollBar.trackInsets	javax.swing.plaf.InsetsUIResource[top=0,left=0,bottom=0,right=0]Button.disabledText	javax.swing.plaf.ColorUIResource[r=140,g=140,b=140]ScrollBar.maximumThumbSize	javax.swing.plaf.DimensionUIResource[width=100000,height=100000]PopupMenuSeparatorUI	com.formdev.flatlaf.ui.FlatPopupMenuSeparatorUIButton.toolbar.pressedBackground	com.formdev.flatlaf.util.DerivedColor[r=217,g=217,b=217]
darken(15% autoInverse)SearchField.searchIconColor	com.formdev.flatlaf.UIDefaultsLoader$$Lambda$49/937773018@2aceadd4ComboBox.selectionForeground	javax.swing.plaf.ColorUIResource[r=255,g=255,b=255]TextField.shadow	javax.swing.plaf.ColorUIResource[r=194,g=194,b=194]TableHeader.ancestorInputMap	javax.swing.UIDefaults$LazyInputMap@24aed80cMenuBarUI	com.formdev.flatlaf.ui.FlatMenuBarUIInternalFrame.buttonSize	javax.swing.plaf.DimensionUIResource[width=24,height=24]EditorPane.focusInputMap	com.formdev.flatlaf.FlatInputMaps$LazyInputMapEx@175c2241Label.background	javax.swing.plaf.ColorUIResource[r=242,g=242,b=242]SplitPaneDivider.oneTouchArrowColor	javax.swing.plaf.ColorUIResource[r=102,g=102,b=102]RootPane.cornerDragWidth	16FileChooser.upFolderIcon	com.formdev.flatlaf.UIDefaultsLoader$$Lambda$48/1545242146@3a52dba3ColorChooser.font	com.formdev.flatlaf.FlatLaf$ActiveFont@235834f2text	javax.swing.plaf.ColorUIResource[r=255,g=255,b=255]Component.linkColor	javax.swing.plaf.ColorUIResource[r=35,g=109,b=178]TitlePane.closeHoverBackground	javax.swing.plaf.ColorUIResource[r=196,g=43,b=28]CheckBoxMenuItem.selectionForeground	javax.swing.plaf.ColorUIResource[r=255,g=255,b=255]FileChooser.detailsViewIcon	com.formdev.flatlaf.UIDefaultsLoader$$Lambda$48/1545242146@2a5c8d3f[style].small	font: $small.fontColorChooser.swatchesRecentSwatchSize	com.formdev.flatlaf.UIDefaultsLoader$$Lambda$54/2013559698@752325adFormattedTextField.background	javax.swing.plaf.ColorUIResource[r=255,g=255,b=255]ProgressBar.horizontalSize	javax.swing.plaf.DimensionUIResource[width=146,height=4]controlDkShadow	javax.swing.plaf.ColorUIResource[r=156,g=156,b=156]InternalFrame.borderDarkShadow	javax.swing.plaf.ColorUIResource[r=156,g=156,b=156]PasswordField.foreground	javax.swing.plaf.ColorUIResource[r=0,g=0,b=0]TextField.inactiveBackground	javax.swing.plaf.ColorUIResource[r=242,g=242,b=242]RadioButton.darkShadow	javax.swing.plaf.ColorUIResource[r=156,g=156,b=156]Objects.GreenAndroid	javax.swing.plaf.ColorUIResource[r=164,g=198,b=57]CheckBox.icon.borderColor	javax.swing.plaf.ColorUIResource[r=175,g=175,b=175]TabbedPane.foreground	javax.swing.plaf.ColorUIResource[r=0,g=0,b=0]control	javax.swing.plaf.ColorUIResource[r=242,g=242,b=242]InternalFrame.closeHoverBackground	com.formdev.flatlaf.UIDefaultsLoader$$Lambda$50/728258269@279fedbdScrollBar.foreground	javax.swing.plaf.ColorUIResource[r=0,g=0,b=0]TextArea.disabledBackground	javax.swing.plaf.ColorUIResource[r=242,g=242,b=242]List.cellRenderer	javax.swing.plaf.basic.BasicLookAndFeel$2@b3ca52eRootPane.border	com.formdev.flatlaf.UIDefaultsLoader$$Lambda$48/1545242146@45c7e403Slider.minimumHorizontalSize	java.awt.Dimension[width=36,height=21]ComboBox.minimumWidth	72Button.focusedBorderColor	javax.swing.plaf.ColorUIResource[r=137,g=176,b=212]Button.default.boldText	trueinfoText	javax.swing.plaf.ColorUIResource[r=0,g=0,b=0]List.showCellFocusIndicator	falseList.focusCellHighlightBorder	com.formdev.flatlaf.UIDefaultsLoader$$Lambda$48/1545242146@2925bf5bMenu.acceleratorForeground	javax.swing.plaf.ColorUIResource[r=77,g=77,b=77]Button.light	javax.swing.plaf.ColorUIResource[r=225,g=225,b=225]Button.toolbar.margin	javax.swing.plaf.InsetsUIResource[top=3,left=3,bottom=3,right=3]activeCaption	javax.swing.plaf.ColorUIResource[r=153,g=180,b=209]DesktopIcon.background	com.formdev.flatlaf.util.DerivedColor[r=198,g=210,b=221]
darken(10% autoInverse)TitlePane.titleMinimumWidth	60InternalFrame.closePressedBackground	com.formdev.flatlaf.UIDefaultsLoader$$Lambda$53/266272063@710f4dc7MenuItem.acceleratorArrowGap	2LabelUI	com.formdev.flatlaf.ui.FlatLabelUIFileView.hardDriveIcon	com.formdev.flatlaf.UIDefaultsLoader$$Lambda$48/1545242146@1ff4931dTableHeaderUI	com.formdev.flatlaf.ui.FlatTableHeaderUISplitPane.background	javax.swing.plaf.ColorUIResource[r=242,g=242,b=242]MenuBar.selectionInsets	javax.swing.plaf.InsetsUIResource[top=0,left=0,bottom=0,right=0]Slider.minimumVerticalSize	java.awt.Dimension[width=21,height=36]InternalFrameTitlePane.maximizeButtonOpacity	trueList.focusInputMap.RightToLeft	javax.swing.UIDefaults$LazyInputMap@65e98b1cToolBar.border	com.formdev.flatlaf.UIDefaultsLoader$$Lambda$48/1545242146@61322f9dFormattedTextField.disabledBackground	javax.swing.plaf.ColorUIResource[r=242,g=242,b=242]TabbedPane.hiddenTabsNavigation	moreTabsButtonList.focusInputMap	javax.swing.UIDefaults$LazyInputMap@6ad82709Tree.selectionInactiveBackground	javax.swing.plaf.ColorUIResource[r=211,g=211,b=211]TabbedPane.selectedTabPadInsets	javax.swing.plaf.InsetsUIResource[top=0,left=0,bottom=0,right=0]Component.minimumWidth	64ComboBox.isEnterSelectablePopup	falseCheckBox.icon[filled].checkmarkColor	javax.swing.plaf.ColorUIResource[r=255,g=255,b=255]OptionPane.buttonAreaBorder	com.formdev.flatlaf.UIDefaultsLoader$$Lambda$51/360062456@510f3d34scrollbar	com.formdev.flatlaf.util.DerivedColor[r=245,g=245,b=245]
lighten(1%)OptionPane.showIcon	falseButton.hoverBorderColor	javax.swing.plaf.ColorUIResource[r=137,g=176,b=212]TextField.selectionBackground	javax.swing.plaf.ColorUIResource[r=38,g=117,b=191]List.border	com.formdev.flatlaf.UIDefaultsLoader$$Lambda$51/360062456@7817fd62TextArea.font	com.formdev.flatlaf.FlatLaf$ActiveFont@235834f2Table.selectionForeground	javax.swing.plaf.ColorUIResource[r=255,g=255,b=255]RadioButtonMenuItemUI	com.formdev.flatlaf.ui.FlatRadioButtonMenuItemUIPopupMenu.selectedWindowInputMapBindings.RightToLeft	[Ljava.lang.Object;@8297b3aScrollPane.border	com.formdev.flatlaf.UIDefaultsLoader$$Lambda$48/1545242146@2362f559TextPane.font	com.formdev.flatlaf.FlatLaf$ActiveFont@235834f2Component.hideMnemonics	trueRadioButton.icon.style	filledComponent.focusedBorderColor	javax.swing.plaf.ColorUIResource[r=137,g=176,b=212]h0.font	com.formdev.flatlaf.FlatLaf$ActiveFont@b2c9a9cEditorPane.background	javax.swing.plaf.ColorUIResource[r=255,g=255,b=255]InternalFrame.activeDropShadowOpacity	0.25ToolBar.borderMargins	javax.swing.plaf.InsetsUIResource[top=2,left=2,bottom=2,right=2]RadioButton.textShiftOffset	0Button.borderWidth	1info	javax.swing.plaf.ColorUIResource[r=250,g=250,b=250]TitledBorder.font	com.formdev.flatlaf.FlatLaf$ActiveFont@235834f2TabbedPane.closeHoverBackground	com.formdev.flatlaf.util.DerivedColor[r=191,g=191,b=191]
darken(20% autoInverse)Tree.leafIcon	com.formdev.flatlaf.UIDefaultsLoader$$Lambda$48/1545242146@4c178a76OptionPane.minimumSize	javax.swing.plaf.DimensionUIResource[width=262,height=90]TitlePane.closeHoverForeground	javax.swing.plaf.ColorUIResource[r=255,g=255,b=255]EditorPane.border	com.formdev.flatlaf.UIDefaultsLoader$$Lambda$48/1545242146@fa4c865MenuItem.underlineSelectionColor	javax.swing.plaf.ColorUIResource[r=60,g=131,b=197]TextArea.focusInputMap	com.formdev.flatlaf.FlatInputMaps$LazyInputMapEx@175c2241TabbedPane.focus	javax.swing.plaf.ColorUIResource[r=0,g=0,b=0]Menu.icon.disabledArrowColor	javax.swing.plaf.ColorUIResource[r=166,g=166,b=166]TextField.background	javax.swing.plaf.ColorUIResource[r=255,g=255,b=255]Component.arrowType	triangleCheckBoxMenuItem.icon.disabledCheckmarkColor	javax.swing.plaf.ColorUIResource[r=166,g=166,b=166]Spinner.buttonBackground	javax.swing.plaf.ColorUIResource[r=250,g=250,b=250]TextArea.caretBlinkRate	500Menu.background	javax.swing.plaf.ColorUIResource[r=255,g=255,b=255]CheckBox.margin	javax.swing.plaf.InsetsUIResource[top=2,left=2,bottom=2,right=2]ScrollBar.squareButtons	falseComboBox.foreground	javax.swing.plaf.ColorUIResource[r=0,g=0,b=0]TextField.inactiveForeground	javax.swing.plaf.ColorUIResource[r=140,g=140,b=140]Slider.shadow	javax.swing.plaf.ColorUIResource[r=194,g=194,b=194]RadioButton.light	javax.swing.plaf.ColorUIResource[r=225,g=225,b=225]Slider.highlight	javax.swing.plaf.ColorUIResource[r=255,g=255,b=255]Slider.thumbColor	javax.swing.plaf.ColorUIResource[r=34,g=133,b=225]InternalFrame.closeHoverForeground	javax.swing.plaf.ColorUIResource[r=255,g=255,b=255]ComboBox.buttonHighlight	javax.swing.plaf.ColorUIResource[r=255,g=255,b=255]Menu.margin	javax.swing.plaf.InsetsUIResource[top=3,left=6,bottom=3,right=6]CheckBox.background	javax.swing.plaf.ColorUIResource[r=242,g=242,b=242]CheckBox.icon.selectedBackground	javax.swing.plaf.ColorUIResource[r=255,g=255,b=255]TextPane.margin	javax.swing.plaf.InsetsUIResource[top=2,left=6,bottom=2,right=6]ComboBox.popupInsets	javax.swing.plaf.InsetsUIResource[top=0,left=0,bottom=0,right=0]PopupMenu.borderColor	javax.swing.plaf.ColorUIResource[r=174,g=174,b=174]List.noFocusBorder	javax.swing.plaf.BorderUIResource$EmptyBorderUIResource@3bd82cf5ScrollBar.pressedButtonBackground	com.formdev.flatlaf.util.DerivedColor[r=217,g=217,b=217]
darken(10%)TabbedPane.tabType	underlinedComponent.borderWidth	1PopupMenu.background	javax.swing.plaf.ColorUIResource[r=255,g=255,b=255]Tree.rightChildIndent	11